index,#_diseases,dataset_num,file_num,kl_div_z,kl_div,js_div_z,js_div,pow_div_z,pow_div
0,4,1,1,0.069561222,0.069561222,0.128663139,0.128663139,0.151255418,0.151255418
1,4,1,2,0.08536649,0.08536649,0.157290583,0.157290583,0.142427013,0.142427013
2,4,1,3,0.09117326,0.09117326,0.143828695,0.143828695,0.210944273,0.210944273
3,4,1,4,NaN,0.198338783,0.238662863,0.238661639,0.349178063,0.34917779
4,4,1,5,NaN,0.105050076,0.16997753,0.169973682,0.191521985,0.191511406
5,7,1,1,0.170703187,0.170703187,0.184556454,0.184556454,0.507978186,0.507978186
6,7,1,2,0.37426803,0.37426803,0.272726292,0.272726292,1.171275413,1.171275413
7,7,1,3,0.437927147,0.437927147,0.2778083,0.2778083,1.760210256,1.760210256
8,7,1,4,0.438205144,0.438205144,0.288522952,0.288522952,1.515447062,1.515447062
9,7,1,5,0.617196744,0.617196744,0.333012523,0.333012523,2.706239881,2.706239881
10,10,1,1,0.06951328,0.06951328,0.131424456,0.131424456,0.145973975,0.145973975
11,10,1,2,0.175840675,0.175840675,0.206140999,0.206140999,0.390691332,0.390691332
12,10,1,3,0.267564577,0.267564577,0.238359539,0.238359539,0.880874239,0.880874239
13,10,1,4,0.33503975,0.33503975,0.264000987,0.264000987,1.097401321,1.097401321
14,10,1,5,0.329449771,0.329449771,0.263679431,0.263679431,1.030535601,1.030535601
15,4,2,1,0.050470064,0.050470064,0.11175361,0.11175361,0.104784228,0.104784228
16,4,2,2,NaN,0.229057075,0.253261639,0.253277999,0.428081145,0.428174189
17,4,2,3,0.079602894,0.079602894,0.140599539,0.140599539,0.164406724,0.164406724
18,4,2,4,NaN,0.15119151,0.216406929,0.216411383,0.231207502,0.231240057
19,4,2,5,NaN,0.16494705,0.226454388,0.226452508,0.250040944,0.250029831
20,7,2,1,0.144497623,0.144497623,0.177067876,0.177067876,0.361790223,0.361790223
21,7,2,2,0.144468159,0.144468159,0.16713997,0.16713997,0.516937906,0.516937906
22,7,2,3,NaN,0.354338665,0.274386801,0.274381762,1.159038357,1.15884109
23,7,2,4,0.249707838,0.249707838,0.235805646,0.235805646,0.649324156,0.649324156
24,7,2,5,0.551473692,0.551473692,0.350462873,0.350462873,1.458143286,1.458143286
25,10,2,1,0.053963503,0.053963503,0.117614564,0.117614564,0.108433792,0.108433792
26,10,2,2,0.158505486,0.158505486,0.197604902,0.197604902,0.343256787,0.343256787
27,10,2,3,0.22254292,0.22254292,0.225718179,0.225718179,0.636304327,0.636304327
28,10,2,4,0.244469752,0.244469752,0.239266865,0.239266865,0.600502963,0.600502963
29,10,2,5,0.279130896,0.279130896,0.255038973,0.255038973,0.702770281,0.702770281
30,4,3,1,0.135099761,0.135099761,0.176477361,0.176477361,0.310063284,0.310063284
31,4,3,2,0.099835872,0.099835872,0.149928312,0.149928312,0.239892107,0.239892107
32,4,3,3,0.112871635,0.112871635,0.172579193,0.172579193,0.215637035,0.215637035
33,4,3,4,0.084436706,0.084436706,0.149750946,0.149750946,0.157780927,0.157780927
34,4,3,5,0.086176,0.086176,0.151385076,0.151385076,0.159942296,0.159942296
35,7,3,1,0.15534319,0.15534319,0.181487833,0.181487833,0.407628732,0.407628732
36,7,3,2,NaN,0.208910207,0.213088658,0.213085106,0.61987631,0.619837439
37,7,3,3,NaN,0.321192361,0.280197028,0.280196788,0.731544567,0.731525281
38,7,3,4,0.29922018,0.29922018,0.258827721,0.258827721,0.754579615,0.754579615
39,7,3,5,0.480186061,0.480186061,0.33283291,0.33283291,1.184296493,1.184296493
40,10,3,1,0.09057173,0.09057173,0.144751797,0.144751797,0.210749383,0.210749383
41,10,3,2,0.134496971,0.134496971,0.181082403,0.181082403,0.290189638,0.290189638
42,10,3,3,0.226619805,0.226619805,0.227443508,0.227443508,0.615705313,0.615705313
43,10,3,4,0.199317056,0.199317056,0.214332472,0.214332472,0.496738889,0.496738889
44,10,3,5,0.194793675,0.194793675,0.214255059,0.214255059,0.459279577,0.459279577
45,4,4,1,0.080262194,0.080262194,0.136936374,0.136936374,0.183166231,0.183166231
46,4,4,2,0.165986255,0.165986255,0.190239478,0.190239478,0.433769155,0.433769155
47,4,4,3,0.152322443,0.152322443,0.196660965,0.196660965,0.312684053,0.312684053
48,4,4,4,0.14271323,0.14271323,0.197871291,0.197871291,0.263164502,0.263164502
49,4,4,5,0.207510155,0.207510155,0.232057122,0.232057122,0.42117721,0.42117721
50,7,4,1,0.136641822,0.136641822,0.185451599,0.185451599,0.285598209,0.285598209
51,7,4,2,0.130053535,0.130053535,0.17861794,0.17861794,0.287720533,0.287720533
52,7,4,3,0.159241575,0.159241575,0.196961213,0.196961213,0.350179463,0.350179463
53,7,4,4,0.217071114,0.217071114,0.227072558,0.227072558,0.506680961,0.506680961
54,7,4,5,0.300199945,0.300199945,0.275688128,0.275688128,0.629795573,0.629795573
55,10,4,1,0.074703849,0.074703849,0.133397604,0.133397604,0.164444345,0.164444345
56,10,4,2,0.162783812,0.162783812,0.19719247,0.19719247,0.363251061,0.363251061
57,10,4,3,0.194267292,0.194267292,0.209698303,0.209698303,0.504655073,0.504655073
58,10,4,4,0.248798559,0.248798559,0.241178525,0.241178525,0.614916483,0.614916483
59,10,4,5,0.252709582,0.252709582,0.239773632,0.239773632,0.637283949,0.637283949
60,4,5,1,0.049728808,0.049728808,0.111221089,0.111221089,0.101670247,0.101670247
61,4,5,2,NaN,0.160879196,0.216600122,0.21659547,0.279601398,0.279528635
62,4,5,3,NaN,0.135182245,0.202044426,0.202012306,0.213026341,0.212965032
63,4,5,4,0.156087968,0.156087968,0.219245167,0.219245167,0.236744779,0.236744779
64,4,5,5,NaN,0.183588961,0.233526375,0.233521838,0.305798701,0.305784754
65,7,5,1,0.078384792,0.078384792,0.140002927,0.140002927,0.164396156,0.164396156
66,7,5,2,0.204823376,0.204823376,0.208188301,0.208188301,0.571977711,0.571977711
67,7,5,3,0.166349059,0.166349059,0.198866646,0.198866646,0.398712799,0.398712799
68,7,5,4,0.195997633,0.195997633,0.21094488,0.21094488,0.488124949,0.488124949
69,7,5,5,0.396991884,0.396991884,0.309225483,0.309225483,0.900061907,0.900061907
70,10,5,1,0.085662596,0.085662596,0.144599988,0.144599988,0.183851321,0.183851321
71,10,5,2,0.164152877,0.164152877,0.197919025,0.197919025,0.364023599,0.364023599
72,10,5,3,0.165984632,0.165984632,0.198818748,0.198818748,0.375411825,0.375411825
73,10,5,4,0.185496871,0.185496871,0.211439052,0.211439052,0.424260387,0.424260387
74,10,5,5,0.186371718,0.186371718,0.209715686,0.209715686,0.433489328,0.433489328
75,4,6,1,0.105355925,0.105355925,0.154431947,0.154431947,0.251580416,0.251580416
76,4,6,2,0.09164995,0.09164995,0.151895508,0.151895508,0.18776967,0.18776967
77,4,6,3,NaN,0.165833223,0.223368404,0.223373339,0.268433129,0.268462272
78,4,6,4,NaN,0.173578729,0.221260272,0.221265515,0.313236405,0.313271788
79,4,6,5,NaN,0.110828706,0.179353461,0.179382183,0.188723277,0.188852389
80,7,6,1,0.176468422,0.176468422,0.182683412,0.182683412,0.558547312,0.558547312
81,7,6,2,0.275601569,0.275601569,0.244768786,0.244768786,0.733755352,0.733755352
82,7,6,3,0.320350098,0.320350098,0.247272579,0.247272579,1.206395266,1.206395266
83,7,6,4,0.302952624,0.302952624,0.240564406,0.240564406,1.039781889,1.039781889
84,7,6,5,0.495503714,0.495503714,0.322978078,0.322978078,1.499114069,1.499114069
85,10,6,1,0.076001411,0.076001411,0.140616578,0.140616578,0.152376378,0.152376378
86,10,6,2,0.187916715,0.187916715,0.208332483,0.208332483,0.445340946,0.445340946
87,10,6,3,0.183242299,0.183242299,0.202843502,0.202843502,0.491180109,0.491180109
88,10,6,4,0.282139588,0.282139588,0.250747838,0.250747838,0.733580883,0.733580883
89,10,6,5,0.344176484,0.344176484,0.280699779,0.280699779,0.92959933,0.92959933
90,4,7,1,0.056235758,0.056235758,0.118571678,0.118571678,0.115937845,0.115937845
91,4,7,2,0.068181995,0.068181995,0.132924517,0.132924517,0.132563106,0.132563106
92,4,7,3,NaN,0.125853993,0.185987006,0.185989772,0.233051151,0.233051371
93,4,7,4,0.159825451,0.159825451,0.204975518,0.204975518,0.317672018,0.317672018
94,4,7,5,NaN,0.134003486,0.197567917,0.197557968,0.225131965,0.225116213
95,7,7,1,0.087308498,0.087308498,0.140111911,0.140111911,0.207784689,0.207784689
96,7,7,2,0.080274783,0.080274783,0.151719688,0.151719688,0.137672159,0.137672159
97,7,7,3,0.125875705,0.125875705,0.173938484,0.173938484,0.274887716,0.274887716
98,7,7,4,0.0540274,0.0540274,0.113888762,0.113888762,0.116705945,0.116705945
99,7,7,5,0.262201198,0.262201198,0.262488736,0.262488736,0.513903243,0.513903243
100,10,7,1,0.116763064,0.116763064,0.164306689,0.164306689,0.274008386,0.274008386
101,10,7,2,0.19815522,0.19815522,0.209218124,0.209218124,0.500493514,0.500493514
102,10,7,3,NaN,0.203890499,0.224622226,0.224625254,0.459939938,0.459971977
103,10,7,4,0.25568635,0.25568635,0.246454386,0.246454386,0.643229517,0.643229517
104,10,7,5,0.200390133,0.200390133,0.225230586,0.225230586,0.4250487,0.4250487
105,4,8,1,0.076989787,0.076989787,0.148592676,0.148592676,0.131272704,0.131272704
106,4,8,2,0.207366545,0.207366545,0.224469932,0.224469932,0.467011137,0.467011137
107,4,8,3,0.074213036,0.074213036,0.136268428,0.136268428,0.152392636,0.152392636
108,4,8,4,0.149094916,0.149094916,0.195884123,0.195884123,0.29960528,0.29960528
109,4,8,5,NaN,0.207296412,0.239160291,0.239156652,0.387543969,0.387533217
110,7,8,1,0.133532872,0.133532872,0.176757031,0.176757031,0.307228046,0.307228046
111,7,8,2,0.243839665,0.243839665,0.237046427,0.237046427,0.640485764,0.640485764
112,7,8,3,0.223477304,0.223477304,0.230356177,0.230356177,0.518901781,0.518901781
113,7,8,4,0.259135274,0.259135274,0.242848892,0.242848892,0.644248598,0.644248598
114,7,8,5,0.419317803,0.419317803,0.318717672,0.318717672,0.931205844,0.931205844
115,10,8,1,0.103152149,0.103152149,0.159972574,0.159972574,0.221629152,0.221629152
116,10,8,2,0.191579705,0.191579705,0.211647296,0.211647296,0.435154448,0.435154448
117,10,8,3,0.124850844,0.124850844,0.168664229,0.168664229,0.309037691,0.309037691
118,10,8,4,0.230445415,0.230445415,0.236558845,0.236558845,0.538871155,0.538871155
119,10,8,5,0.178333144,0.178333144,0.207687765,0.207687765,0.400353671,0.400353671
120,4,9,1,0.059047646,0.059047646,0.124984084,0.124984084,0.112792283,0.112792283
121,4,9,2,0.113726835,0.113726835,0.181475038,0.181475038,0.191267681,0.191267681
122,4,9,3,0.133373876,0.133373876,0.190816816,0.190816816,0.249693733,0.249693733
123,4,9,4,0.094036383,0.094036383,0.159689301,0.159689301,0.172781906,0.172781906
124,4,9,5,0.079434728,0.079434728,0.144409077,0.144409077,0.152252004,0.152252004
125,7,9,1,0.074096626,0.074096626,0.13643572,0.13643572,0.153907267,0.153907267
126,7,9,2,0.165315113,0.165315113,0.196354568,0.196354568,0.407449438,0.407449438
127,7,9,3,0.16899413,0.16899413,0.203243107,0.203243107,0.370318501,0.370318501
128,7,9,4,0.242935269,0.242935269,0.225532034,0.225532034,0.685473587,0.685473587
129,7,9,5,0.359680418,0.359680418,0.299168749,0.299168749,0.76751527,0.76751527
130,10,9,1,0.086298437,0.086298437,0.142237678,0.142237678,0.195336401,0.195336401
131,10,9,2,0.216455103,0.216455103,0.222182829,0.222182829,0.512899333,0.512899333
132,10,9,3,NaN,0.330108031,0.276556687,0.276555203,0.972386781,0.972324082
133,10,9,4,0.33724799,0.33724799,0.280426272,0.280426272,0.855557872,0.855557872
134,10,9,5,0.28263293,0.28263293,0.25416497,0.25416497,0.71078037,0.71078037
135,4,10,1,0.077521007,0.077521007,0.153330888,0.153330888,0.119300385,0.119300385
136,4,10,2,0.119893132,0.119893132,0.176388625,0.176388625,0.237772027,0.237772027
137,4,10,3,0.12423832,0.12423832,0.183239332,0.183239332,0.232653777,0.232653777
138,4,10,4,0.169519084,0.169519084,0.215191324,0.215191324,0.312883385,0.312883385
139,4,10,5,NaN,0.156727641,0.222142814,0.2221427,0.231950294,0.231955312
140,7,10,1,0.103083257,0.103083257,0.150180314,0.150180314,0.2624898,0.2624898
141,7,10,2,0.243478531,0.243478531,0.219423362,0.219423362,0.756487705,0.756487705
142,7,10,3,0.293426496,0.293426496,0.253217818,0.253217818,0.801157695,0.801157695
143,7,10,4,0.252101764,0.252101764,0.240097111,0.240097111,0.63700992,0.63700992
144,7,10,5,0.443875887,0.443875887,0.320200187,0.320200187,1.096977875,1.096977875
145,10,10,1,0.066089278,0.066089278,0.124896527,0.124896527,0.145242135,0.145242135
146,10,10,2,0.112772255,0.112772255,0.167521672,0.167521672,0.234007733,0.234007733
147,10,10,3,0.145405974,0.145405974,0.181650233,0.181650233,0.379768612,0.379768612
148,10,10,4,0.123964287,0.123964287,0.175481305,0.175481305,0.263657136,0.263657136
149,10,10,5,0.131794489,0.131794489,0.178373708,0.178373708,0.293243719,0.293243719
150,4,11,1,0.139793199,0.139793199,0.175555831,0.175555831,0.377990855,0.377990855
151,4,11,2,0.15064374,0.15064374,0.208331853,0.208331853,0.25539604,0.25539604
152,4,11,3,NaN,0.148760519,0.209811962,0.209818221,0.247689104,0.247687038
153,4,11,4,0.113934052,0.113934052,0.172195434,0.172195434,0.227206203,0.227206203
154,4,11,5,NaN,0.112783091,0.174391225,0.174380175,0.212306852,0.212273167
155,7,11,1,0.088976807,0.088976807,0.144162786,0.144162786,0.206945267,0.206945267
156,7,11,2,0.269539354,0.269539354,0.241599894,0.241599894,0.829082755,0.829082755
157,7,11,3,NaN,0.317576861,0.255703158,0.25571669,0.974391732,0.974551
158,7,11,4,NaN,0.250554544,0.240202124,0.240199911,0.625658259,0.625642575
159,7,11,5,0.451141211,0.451141211,0.324048602,0.324048602,1.080504644,1.080504644
160,10,11,1,0.133059569,0.133059569,0.167098826,0.167098826,0.357229435,0.357229435
161,10,11,2,0.327756986,0.327756986,0.257197423,0.257197423,1.06569911,1.06569911
162,10,11,3,0.299535298,0.299535298,0.258097274,0.258097274,0.852588212,0.852588212
163,10,11,4,0.317039861,0.317039861,0.261309278,0.261309278,0.90645065,0.90645065
164,10,11,5,0.346494978,0.346494978,0.269400555,0.269400555,1.029278398,1.029278398
165,4,12,1,0.050608787,0.050608787,0.11209743,0.11209743,0.105011713,0.105011713
166,4,12,2,0.163718651,0.163718651,0.209207909,0.209207909,0.31969588,0.31969588
167,4,12,3,0.099551194,0.099551194,0.163845455,0.163845455,0.183354911,0.183354911
168,4,12,4,0.053349757,0.053349757,0.123733168,0.123733168,0.091842754,0.091842754
169,4,12,5,NaN,0.11970546,0.175146773,0.17514686,0.242782668,0.242785041
170,7,12,1,0.076598006,0.076598006,0.138691981,0.138691981,0.160256165,0.160256165
171,7,12,2,0.178055087,0.178055087,0.203675811,0.203675811,0.44815344,0.44815344
172,7,12,3,0.158368064,0.158368064,0.196551131,0.196551131,0.360632319,0.360632319
173,7,12,4,0.316195023,0.316195023,0.274220215,0.274220215,0.779530434,0.779530434
174,7,12,5,0.408809587,0.408809587,0.312983949,0.312983949,0.939111813,0.939111813
175,10,12,1,0.093229215,0.093229215,0.151716728,0.151716728,0.198621749,0.198621749
176,10,12,2,0.149395601,0.149395601,0.189695288,0.189695288,0.324856606,0.324856606
177,10,12,3,0.224880236,0.224880236,0.226684114,0.226684114,0.597559316,0.597559316
178,10,12,4,0.228636866,0.228636866,0.226497777,0.226497777,0.596577226,0.596577226
179,10,12,5,0.235752962,0.235752962,0.231989825,0.231989825,0.583599388,0.583599388
180,4,13,1,0.059502978,0.059502978,0.120188128,0.120188128,0.1268592,0.1268592
181,4,13,2,NaN,0.214171854,0.232006319,0.23201094,0.46178706,0.461826082
182,4,13,3,NaN,0.16511412,0.212985734,0.212985791,0.306895374,0.306896531
183,4,13,4,NaN,0.201949213,0.235958353,0.235955944,0.369958728,0.369952018
184,4,13,5,0.075216134,0.075216134,0.133738481,0.133738481,0.162168265,0.162168265
185,7,13,1,0.16721497,0.16721497,0.187738519,0.187738519,0.47343827,0.47343827
186,7,13,2,0.236549699,0.236549699,0.206345991,0.206345991,1.067838811,1.067838811
187,7,13,3,0.307361508,0.307361508,0.243574154,0.243574154,1.025443274,1.025443274
188,7,13,4,NaN,0.34011595,0.277891597,0.277891614,0.883472344,0.883475956
189,7,13,5,0.580486194,0.580486194,0.33983675,0.33983675,1.96912152,1.96912152
190,10,13,1,0.111124911,0.111124911,0.160226044,0.160226044,0.255321132,0.255321132
191,10,13,2,0.185018749,0.185018749,0.208603788,0.208603788,0.419102638,0.419102638
192,10,13,3,0.179384285,0.179384285,0.199725269,0.199725269,0.471373957,0.471373957
193,10,13,4,0.184797402,0.184797402,0.210322498,0.210322498,0.424948416,0.424948416
194,10,13,5,0.260932069,0.260932069,0.251528246,0.251528246,0.589306224,0.589306224
195,4,14,1,0.034489646,0.034489646,0.098273948,0.098273948,0.060553804,0.060553804
196,4,14,2,0.105219541,0.105219541,0.169651088,0.169651088,0.192521336,0.192521336
197,4,14,3,NaN,0.213553272,0.236443099,0.236444108,0.432172695,0.432163067
198,4,14,4,NaN,0.127384183,0.191461814,0.191470496,0.217397263,0.217432762
199,4,14,5,NaN,0.287940001,0.286136368,0.286134638,0.51452794,0.514551351
200,7,14,1,0.072641449,0.072641449,0.133027649,0.133027649,0.155116826,0.155116826
201,7,14,2,0.211091255,0.211091255,0.224358433,0.224358433,0.529398418,0.529398418
202,7,14,3,0.224456803,0.224456803,0.230768474,0.230768474,0.549299157,0.549299157
203,7,14,4,0.164522496,0.164522496,0.204240408,0.204240408,0.337381631,0.337381631
204,7,14,5,0.30987172,0.30987172,0.281348869,0.281348869,0.631021643,0.631021643
205,10,14,1,0.163772855,0.163772855,0.187592686,0.187592686,0.44593069,0.44593069
206,10,14,2,0.339760463,0.339760463,0.267219932,0.267219932,0.951683896,0.951683896
207,10,14,3,0.334358012,0.334358012,0.271033221,0.271033221,0.900928301,0.900928301
208,10,14,4,0.415516615,0.415516615,0.301839636,0.301839636,1.184995498,1.184995498
209,10,14,5,0.364442444,0.364442444,0.286041851,0.286041851,0.950199335,0.950199335
210,4,15,1,0.071795901,0.071795901,0.146289172,0.146289172,0.114240684,0.114240684
211,4,15,2,0.086533447,0.086533447,0.147768507,0.147768507,0.180667769,0.180667769
212,4,15,3,0.211343752,0.211343752,0.245175135,0.245175135,0.375874324,0.375874324
213,4,15,4,NaN,0.147531968,0.201712419,0.201711753,0.270759806,0.270758697
214,4,15,5,0.122578708,0.122578708,0.174533303,0.174533303,0.25472054,0.25472054
215,7,15,1,0.089681402,0.089681402,0.146828519,0.146828519,0.199810892,0.199810892
216,7,15,2,0.184417482,0.184417482,0.198931193,0.198931193,0.503106743,0.503106743
217,7,15,3,0.174328261,0.174328261,0.208029697,0.208029697,0.385295545,0.385295545
218,7,15,4,0.338085093,0.338085093,0.275771196,0.275771196,0.898619903,0.898619903
219,7,15,5,0.335111168,0.335111168,0.287839742,0.287839742,0.730578801,0.730578801
220,10,15,1,0.077095163,0.077095163,0.131958334,0.131958334,0.18553627,0.18553627
221,10,15,2,0.22559805,0.22559805,0.223110727,0.223110727,0.586437724,0.586437724
222,10,15,3,0.194986478,0.194986478,0.207670586,0.207670586,0.545718446,0.545718446
223,10,15,4,0.175848822,0.175848822,0.205037297,0.205037297,0.417040613,0.417040613
224,10,15,5,0.273797084,0.273797084,0.244940124,0.244940124,0.77021733,0.77021733
225,4,16,1,0.077601768,0.077601768,0.138844679,0.138844679,0.162276969,0.162276969
226,4,16,2,0.135175622,0.135175622,0.19346501,0.19346501,0.247385901,0.247385901
227,4,16,3,0.140149192,0.140149192,0.195747086,0.195747086,0.263715324,0.263715324
228,4,16,4,0.049967517,0.049967517,0.112465184,0.112465184,0.099325657,0.099325657
229,4,16,5,0.087843964,0.087843964,0.145913319,0.145913319,0.185777409,0.185777409
230,7,16,1,0.079908214,0.079908214,0.145945199,0.145945199,0.153624063,0.153624063
231,7,16,2,0.245435947,0.245435947,0.235565214,0.235565214,0.608453297,0.608453297
232,7,16,3,0.29029484,0.29029484,0.269731297,0.269731297,0.643663398,0.643663398
233,7,16,4,0.341670661,0.341670661,0.290090445,0.290090445,0.773586152,0.773586152
234,7,16,5,0.442133272,0.442133272,0.316328174,0.316328174,1.126035477,1.126035477
235,10,16,1,0.095070862,0.095070862,0.150562239,0.150562239,0.209913744,0.209913744
236,10,16,2,0.166234609,0.166234609,0.198065633,0.198065633,0.379114038,0.379114038
237,10,16,3,0.160819853,0.160819853,0.187839834,0.187839834,0.431977962,0.431977962
238,10,16,4,0.163754445,0.163754445,0.194367918,0.194367918,0.414786101,0.414786101
239,10,16,5,0.237681427,0.237681427,0.234777211,0.234777211,0.578109496,0.578109496
240,4,17,1,0.065920595,0.065920595,0.141548618,0.141548618,0.10100104,0.10100104
241,4,17,2,0.086525692,0.086525692,0.148559737,0.148559737,0.176953917,0.176953917
242,4,17,3,NaN,0.119324426,0.185035453,0.185036596,0.204803936,0.204804745
243,4,17,4,0.075175989,0.075175989,0.140755902,0.140755902,0.143091839,0.143091839
244,4,17,5,0.17714266,0.17714266,0.219286992,0.219286992,0.331325496,0.331325496
245,7,17,1,0.10976132,0.10976132,0.15834389,0.15834389,0.258309938,0.258309938
246,7,17,2,NaN,0.173213039,0.190564107,0.190563147,0.616020508,0.615999888
247,7,17,3,0.133264993,0.133264993,0.182009416,0.182009416,0.286346154,0.286346154
248,7,17,4,0.213412142,0.213412142,0.227472438,0.227472438,0.476066818,0.476066818
249,7,17,5,0.315481716,0.315481716,0.283232427,0.283232427,0.654807137,0.654807137
250,10,17,1,0.126229228,0.126229228,0.159563782,0.159563782,0.377253217,0.377253217
251,10,17,2,0.15260968,0.15260968,0.188890719,0.188890719,0.362036735,0.362036735
252,10,17,3,0.219218672,0.219218672,0.222172832,0.222172832,0.609422556,0.609422556
253,10,17,4,0.215470287,0.215470287,0.222602369,0.222602369,0.53451833,0.53451833
254,10,17,5,0.228493505,0.228493505,0.23458115,0.23458115,0.526397575,0.526397575
255,4,18,1,0.056235758,0.056235758,0.118571678,0.118571678,0.115937845,0.115937845
256,4,18,2,0.132553052,0.132553052,0.182004881,0.182004881,0.28231376,0.28231376
257,4,18,3,NaN,0.114417254,0.179579659,0.179579617,0.202552641,0.202553384
258,4,18,4,0.155426128,0.155426128,0.190079236,0.190079236,0.3535664,0.3535664
259,4,18,5,0.061864276,0.061864276,0.122813845,0.122813845,0.129312668,0.129312668
260,7,18,1,0.201470371,0.201470371,0.203023197,0.203023197,0.544667623,0.544667623
261,7,18,2,0.175349822,0.175349822,0.196802113,0.196802113,0.449830804,0.449830804
262,7,18,3,0.286581447,0.286581447,0.261110095,0.261110095,0.664507467,0.664507467
263,7,18,4,NaN,0.530115708,0.374232614,0.374228553,1.123647088,1.123591691
264,7,18,5,0.412693681,0.412693681,0.314031084,0.314031084,0.936202333,0.936202333
265,10,18,1,0.071685669,0.071685669,0.134541577,0.134541577,0.146674369,0.146674369
266,10,18,2,0.158702039,0.158702039,0.203238529,0.203238529,0.316388677,0.316388677
267,10,18,3,0.224196027,0.224196027,0.228413782,0.228413782,0.597819289,0.597819289
268,10,18,4,0.361517611,0.361517611,0.275843447,0.275843447,1.189040493,1.189040493
269,10,18,5,0.328481437,0.328481437,0.270438274,0.270438274,0.890383948,0.890383948
270,4,19,1,0.03648064,0.03648064,0.097739095,0.097739095,0.070367097,0.070367097
271,4,19,2,0.134959062,0.134959062,0.174886814,0.174886814,0.32601322,0.32601322
272,4,19,3,0.12575327,0.12575327,0.173810988,0.173810988,0.274488914,0.274488914
273,4,19,4,0.148521846,0.148521846,0.211903703,0.211903703,0.233452133,0.233452133
274,4,19,5,0.086119571,0.086119571,0.156614722,0.156614722,0.149182519,0.149182519
275,7,19,1,0.167972674,0.167972674,0.194399016,0.194399016,0.415492957,0.415492957
276,7,19,2,0.352214525,0.352214525,0.2813409,0.2813409,0.965471766,0.965471766
277,7,19,3,NaN,0.339982892,0.265565361,0.265571801,1.019077081,1.019099331
278,7,19,4,NaN,0.474487007,0.319601722,0.319588324,1.357827034,1.357734209
279,7,19,5,0.73651988,0.73651988,0.379718657,0.379718657,2.573515483,2.573515483
280,10,19,1,0.101551115,0.101551115,0.151061786,0.151061786,0.247305685,0.247305685
281,10,19,2,0.234329583,0.234329583,0.232817766,0.232817766,0.549339684,0.549339684
282,10,19,3,0.181349102,0.181349102,0.2088882,0.2088882,0.420081359,0.420081359
283,10,19,4,0.408381944,0.408381944,0.30438395,0.30438395,1.13698803,1.13698803
284,10,19,5,0.421546238,0.421546238,0.30876482,0.30876482,1.157505728,1.157505728
285,4,20,1,0.05647398,0.05647398,0.118597221,0.118597221,0.116533736,0.116533736
286,4,20,2,0.144809565,0.144809565,0.192959571,0.192959571,0.297842721,0.297842721
287,4,20,3,NaN,0.170658514,0.231099497,0.23115693,0.253044754,0.253207872
288,4,20,4,NaN,0.200741489,0.246754651,0.246743164,0.318164238,0.318135799
289,4,20,5,NaN,0.159445889,0.215765144,0.21576409,0.269612015,0.26961069
290,7,20,1,0.197815419,0.197815419,0.222713094,0.222713094,0.443540089,0.443540089
291,7,20,2,0.177057743,0.177057743,0.215350499,0.215350499,0.359684296,0.359684296
292,7,20,3,0.214739774,0.214739774,0.223661988,0.223661988,0.527958433,0.527958433
293,7,20,4,0.283344805,0.283344805,0.245797685,0.245797685,0.808179387,0.808179387
294,7,20,5,0.552287471,0.552287471,0.344903312,0.344903312,1.551355612,1.551355612
295,10,20,1,0.098122438,0.098122438,0.155947962,0.155947962,0.206959288,0.206959288
296,10,20,2,0.180532006,0.180532006,0.205843932,0.205843932,0.41281789,0.41281789
297,10,20,3,0.268013085,0.268013085,0.245326159,0.245326159,0.716158219,0.716158219
298,10,20,4,0.226322444,0.226322444,0.229484593,0.229484593,0.543494237,0.543494237
299,10,20,5,0.272996315,0.272996315,0.248147159,0.248147159,0.687134954,0.687134954
300,4,21,1,0.132839532,0.132839532,0.170525398,0.170525398,0.343740862,0.343740862
301,4,21,2,NaN,0.144548552,0.185388523,0.185388252,0.336637869,0.336629301
302,4,21,3,NaN,0.281773418,0.268983487,0.268997338,0.573986333,0.574074938
303,4,21,4,NaN,0.196664814,0.217740518,0.217741901,0.431220815,0.431235013
304,4,21,5,0.098068942,0.098068942,0.153831792,0.153831792,0.207768139,0.207768139
305,7,21,1,0.045550814,0.045550814,0.117353827,0.117353827,0.071158791,0.071158791
306,7,21,2,0.198557728,0.198557728,0.223431404,0.223431404,0.423183796,0.423183796
307,7,21,3,0.252563886,0.252563886,0.252876598,0.252876598,0.543515472,0.543515472
308,7,21,4,0.256877744,0.256877744,0.251241475,0.251241475,0.57127695,0.57127695
309,7,21,5,0.43057637,0.43057637,0.322093249,0.322093249,0.967795616,0.967795616
310,10,21,1,0.12427267,0.12427267,0.166194291,0.166194291,0.29700824,0.29700824
311,10,21,2,0.199964725,0.199964725,0.213069341,0.213069341,0.489722186,0.489722186
312,10,21,3,0.162617749,0.162617749,0.193136424,0.193136424,0.392503853,0.392503853
313,10,21,4,0.186823128,0.186823128,0.211881472,0.211881472,0.426891515,0.426891515
314,10,21,5,0.187852372,0.187852372,0.216098227,0.216098227,0.398905442,0.398905442
315,4,22,1,0.06922442,0.06922442,0.129171228,0.129171228,0.149929667,0.149929667
316,4,22,2,0.146972906,0.146972906,0.200280391,0.200280391,0.283459062,0.283459062
317,4,22,3,0.049881555,0.049881555,0.109670401,0.109670401,0.106205678,0.106205678
318,4,22,4,NaN,0.248989677,0.263768106,0.263776041,0.461846828,0.461899683
319,4,22,5,NaN,0.258060819,0.266976688,0.266975929,0.48625456,0.486251101
320,7,22,1,0.099584742,0.099584742,0.149850025,0.149850025,0.239775534,0.239775534
321,7,22,2,0.188250797,0.188250797,0.206699791,0.206699791,0.465580452,0.465580452
322,7,22,3,NaN,0.270877491,0.252539532,0.252544953,0.643446356,0.643468631
323,7,22,4,0.25573105,0.25573105,0.251007735,0.251007735,0.572033147,0.572033147
324,7,22,5,0.358387879,0.358387879,0.295538923,0.295538923,0.791275768,0.791275768
325,10,22,1,0.105917905,0.105917905,0.159511059,0.159511059,0.235058461,0.235058461
326,10,22,2,0.1528707,0.1528707,0.190304656,0.190304656,0.342528974,0.342528974
327,10,22,3,0.187523176,0.187523176,0.21013048,0.21013048,0.461508328,0.461508328
328,10,22,4,0.18826662,0.18826662,0.21396624,0.21396624,0.417371533,0.417371533
329,10,22,5,0.185681756,0.185681756,0.209435168,0.209435168,0.429877093,0.429877093
330,4,23,1,0.106883829,0.106883829,0.148426075,0.148426075,0.303361589,0.303361589
331,4,23,2,NaN,0.236217514,0.26280157,0.262730274,0.40801211,0.407783036
332,4,23,3,0.182919818,0.182919818,0.227360688,0.227360688,0.323739284,0.323739284
333,4,23,4,0.265751464,0.265751464,0.261958119,0.261958119,0.542780877,0.542780877
334,4,23,5,NaN,0.17419259,0.225607428,0.225602341,0.290022688,0.290012975
335,7,23,1,0.103291855,0.103291855,0.153270108,0.153270108,0.243991836,0.243991836
336,7,23,2,0.163639482,0.163639482,0.202413017,0.202413017,0.344955579,0.344955579
337,7,23,3,0.145022129,0.145022129,0.18518888,0.18518888,0.336444421,0.336444421
338,7,23,4,0.261722849,0.261722849,0.241608802,0.241608802,0.680280827,0.680280827
339,7,23,5,0.334954897,0.334954897,0.288140447,0.288140447,0.719678554,0.719678554
340,10,23,1,0.095094987,0.095094987,0.148532868,0.148532868,0.219254056,0.219254056
341,10,23,2,0.216988732,0.216988732,0.219601055,0.219601055,0.533726044,0.533726044
342,10,23,3,0.29494409,0.29494409,0.257100307,0.257100307,0.799401173,0.799401173
343,10,23,4,0.153656346,0.153656346,0.193628918,0.193628918,0.336532215,0.336532215
344,10,23,5,0.297880292,0.297880292,0.265970366,0.265970366,0.707766306,0.707766306
345,4,24,1,0.099940373,0.099940373,0.168893141,0.168893141,0.172012796,0.172012796
346,4,24,2,0.13831804,0.13831804,0.171515511,0.171515511,0.363087347,0.363087347
347,4,24,3,NaN,0.152512282,0.207094008,0.207093389,0.274413976,0.274414835
348,4,24,4,0.147842511,0.147842511,0.203184267,0.203184267,0.261927485,0.261927485
349,4,24,5,0.171238401,0.171238401,0.226304972,0.226304972,0.277038124,0.277038124
350,7,24,1,0.086834842,0.086834842,0.149157408,0.149157408,0.178820802,0.178820802
351,7,24,2,0.162449647,0.162449647,0.19981641,0.19981641,0.367277438,0.367277438
352,7,24,3,0.239337671,0.239337671,0.224476481,0.224476481,0.662456054,0.662456054
353,7,24,4,0.252925474,0.252925474,0.231102172,0.231102172,0.74548727,0.74548727
354,7,24,5,0.355695302,0.355695302,0.297041248,0.297041248,0.766832153,0.766832153
355,10,24,1,0.105557076,0.105557076,0.154458151,0.154458151,0.257357096,0.257357096
356,10,24,2,0.244882262,0.244882262,0.224700872,0.224700872,0.717049072,0.717049072
357,10,24,3,0.324530322,0.324530322,0.250056829,0.250056829,1.236450798,1.236450798
358,10,24,4,0.367594597,0.367594597,0.265902209,0.265902209,1.402530417,1.402530417
359,10,24,5,0.369041988,0.369041988,0.277381288,0.277381288,1.21461268,1.21461268
360,4,25,1,0.031006504,0.031006504,0.091856027,0.091856027,0.05663935,0.05663935
361,4,25,2,0.061923417,0.061923417,0.118972611,0.118972611,0.140848878,0.140848878
362,4,25,3,0.052781857,0.052781857,0.113990588,0.113990588,0.109023319,0.109023319
363,4,25,4,0.12974609,0.12974609,0.191745924,0.191745924,0.223709692,0.223709692
364,4,25,5,0.227758145,0.227758145,0.232621272,0.232621272,0.507470822,0.507470822
365,7,25,1,0.072191892,0.072191892,0.13484605,0.13484605,0.150221281,0.150221281
366,7,25,2,0.1544111,0.1544111,0.192822611,0.192822611,0.351491773,0.351491773
367,7,25,3,0.126185024,0.126185024,0.175835331,0.175835331,0.280003651,0.280003651
368,7,25,4,0.298816203,0.298816203,0.257809767,0.257809767,0.811209109,0.811209109
369,7,25,5,0.461839654,0.461839654,0.325779698,0.325779698,1.149394679,1.149394679
370,10,25,1,0.067622269,0.067622269,0.135851606,0.135851606,0.123907707,0.123907707
371,10,25,2,0.162176744,0.162176744,0.195691136,0.195691136,0.374181241,0.374181241
372,10,25,3,0.170042972,0.170042972,0.200065113,0.200065113,0.43582624,0.43582624
373,10,25,4,0.234119408,0.234119408,0.239074216,0.239074216,0.541597473,0.541597473
374,10,25,5,0.225331593,0.225331593,0.232765181,0.232765181,0.520593883,0.520593883
375,4,26,1,0.078114044,0.078114044,0.136312859,0.136312859,0.171456798,0.171456798
376,4,26,2,0.134319133,0.134319133,0.184092737,0.184092737,0.278786602,0.278786602
377,4,26,3,0.087722875,0.087722875,0.141208608,0.141208608,0.202463899,0.202463899
378,4,26,4,0.130010905,0.130010905,0.177542608,0.177542608,0.275464869,0.275464869
379,4,26,5,NaN,0.185887009,0.219809991,0.21980241,0.374704395,0.374664521
380,7,26,1,0.066502525,0.066502525,0.129678342,0.129678342,0.135380385,0.135380385
381,7,26,2,0.135183442,0.135183442,0.177568003,0.177568003,0.317281865,0.317281865
382,7,26,3,0.119619075,0.119619075,0.17445896,0.17445896,0.250562453,0.250562453
383,7,26,4,NaN,0.135441985,0.192786482,0.192790138,0.254189903,0.254201698
384,7,26,5,0.233998689,0.233998689,0.251039025,0.251039025,0.438832942,0.438832942
385,10,26,1,0.187537185,0.187537185,0.202432078,0.202432078,0.478194886,0.478194886
386,10,26,2,0.428804181,0.428804181,0.300583299,0.300583299,1.236410155,1.236410155
387,10,26,3,0.426498583,0.426498583,0.315184525,0.315184525,1.071741588,1.071741588
388,10,26,4,0.666026181,0.666026181,0.384001562,0.384001562,1.901497664,1.901497664
389,10,26,5,NaN,0.61135575,0.374940204,0.374941704,1.665396575,1.665424647
390,4,27,1,0.054802925,0.054802925,0.115989703,0.115989703,0.114553976,0.114553976
391,4,27,2,0.128801922,0.128801922,0.176064058,0.176064058,0.288769277,0.288769277
392,4,27,3,0.049521798,0.049521798,0.110406545,0.110406545,0.103234216,0.103234216
393,4,27,4,0.142316622,0.142316622,0.195575192,0.195575192,0.268851361,0.268851361
394,4,27,5,NaN,0.194838906,0.225601092,0.225579225,0.392323961,0.392226273
395,7,27,1,0.066755708,0.066755708,0.140895591,0.140895591,0.106633313,0.106633313
396,7,27,2,0.106837044,0.106837044,0.154780792,0.154780792,0.277463616,0.277463616
397,7,27,3,0.051714965,0.051714965,0.111385352,0.111385352,0.112871842,0.112871842
398,7,27,4,NaN,0.143371889,0.197809879,0.197806673,0.26924144,0.269231505
399,7,27,5,0.285129572,0.285129572,0.272544661,0.272544661,0.564902226,0.564902226
400,10,27,1,0.183748042,0.183748042,0.18786792,0.18786792,0.588023393,0.588023393
401,10,27,2,0.368124407,0.368124407,0.269833304,0.269833304,1.199016063,1.199016063
402,10,27,3,0.59600178,0.59600178,0.322890764,0.322890764,3.115149634,3.115149634
403,10,27,4,0.855808872,0.855808872,0.37433904,0.37433904,4.829939051,4.829939051
404,10,27,5,1.000919564,1.000919564,0.401156787,0.401156787,6.417061807,6.417061807
405,4,28,1,0.04551812,0.04551812,0.107188907,0.107188907,0.092831338,0.092831338
406,4,28,2,0.106830839,0.106830839,0.171718822,0.171718822,0.201075693,0.201075693
407,4,28,3,0.123752829,0.123752829,0.173300817,0.173300817,0.265295142,0.265295142
408,4,28,4,NaN,0.126040954,0.194136638,0.194136146,0.205008229,0.205011574
409,4,28,5,NaN,0.168295465,0.221842536,0.221839973,0.285827086,0.285814616
410,7,28,1,0.055287406,0.055287406,0.123089354,0.123089354,0.100927979,0.100927979
411,7,28,2,0.115877327,0.115877327,0.165542437,0.165542437,0.272150031,0.272150031
412,7,28,3,0.08789587,0.08789587,0.147391037,0.147391037,0.183169706,0.183169706
413,7,28,4,0.081897369,0.081897369,0.141949536,0.141949536,0.173780663,0.173780663
414,7,28,5,0.267769819,0.267769819,0.268253557,0.268253557,0.501910575,0.501910575
415,10,28,1,0.181587687,0.181587687,0.199507777,0.199507777,0.466368497,0.466368497
416,10,28,2,0.374954461,0.374954461,0.261874705,0.261874705,1.676548365,1.676548365
417,10,28,3,0.339615823,0.339615823,0.269861141,0.269861141,0.981740508,0.981740508
418,10,28,4,0.525000833,0.525000833,0.332296592,0.332296592,1.601192658,1.601192658
419,10,28,5,0.530281614,0.530281614,0.325770634,0.325770634,1.753615593,1.753615593
420,4,29,1,0.049954395,0.049954395,0.111088473,0.111088473,0.103595594,0.103595594
421,4,29,2,0.187924613,0.187924613,0.208357834,0.208357834,0.461839779,0.461839779
422,4,29,3,0.078750184,0.078750184,0.142733762,0.142733762,0.155204082,0.155204082
423,4,29,4,NaN,0.110095598,0.177415211,0.177415252,0.192520561,0.192522857
424,4,29,5,0.106428865,0.106428865,0.16506756,0.16506756,0.21081843,0.21081843
425,7,29,1,0.032437235,0.032437235,0.097788492,0.097788492,0.052364069,0.052364069
426,7,29,2,0.073167634,0.073167634,0.143757764,0.143757764,0.127758054,0.127758054
427,7,29,3,0.064075648,0.064075648,0.127484818,0.127484818,0.130333622,0.130333622
428,7,29,4,0.165228755,0.165228755,0.20302151,0.20302151,0.353102682,0.353102682
429,7,29,5,0.215336436,0.215336436,0.242655085,0.242655085,0.394936464,0.394936464
430,10,29,1,0.15357464,0.15357464,0.189533211,0.189533211,0.363656698,0.363656698
431,10,29,2,0.303372398,0.303372398,0.262179018,0.262179018,0.744313869,0.744313869
432,10,29,3,0.335473764,0.335473764,0.273068422,0.273068422,0.89468947,0.89468947
433,10,29,4,0.358551791,0.358551791,0.279636894,0.279636894,0.972854582,0.972854582
434,10,29,5,0.411274956,0.411274956,0.307039669,0.307039669,1.030262655,1.030262655
435,4,30,1,0.078114044,0.078114044,0.136312859,0.136312859,0.171456798,0.171456798
436,4,30,2,0.156773712,0.156773712,0.197687595,0.197687595,0.334879554,0.334879554
437,4,30,3,NaN,0.269285971,0.291066022,0.29106186,0.401367747,0.401327564
438,4,30,4,NaN,0.119845349,0.18147194,0.181456317,0.223859339,0.223791569
439,4,30,5,0.082202132,0.082202132,0.147668361,0.147668361,0.154519882,0.154519882
440,7,30,1,0.052600716,0.052600716,0.12353601,0.12353601,0.087464894,0.087464894
441,7,30,2,0.082277398,0.082277398,0.14872192,0.14872192,0.154539428,0.154539428
442,7,30,3,0.09839616,0.09839616,0.15620235,0.15620235,0.20681585,0.20681585
443,7,30,4,0.134721312,0.134721312,0.190326887,0.190326887,0.255295952,0.255295952
444,7,30,5,0.236801218,0.236801218,0.251965646,0.251965646,0.448484133,0.448484133
445,10,30,1,0.252457776,0.252457776,0.21215702,0.21215702,0.915603852,0.915603852
446,10,30,2,0.465692462,0.465692462,0.26472366,0.26472366,3.685694406,3.685694406
447,10,30,3,NaN,0.520282511,0.309784234,0.309773598,2.887214045,2.886868799
448,10,30,4,0.631807364,0.631807364,0.335174245,0.335174245,3.530267386,3.530267386
449,10,30,5,0.798830378,0.798830378,0.354030264,0.354030264,7.784663608,7.784663608
450,4,31,1,0.097002206,0.097002206,0.148923816,0.148923816,0.223011185,0.223011185
451,4,31,2,NaN,0.216708504,0.240232282,0.240243619,0.435380993,0.435460632
452,4,31,3,NaN,0.347338591,0.3179674,0.317966007,0.60469954,0.604695686
453,4,31,4,0.061210702,0.061210702,0.123627385,0.123627385,0.124907586,0.124907586
454,4,31,5,0.092868201,0.092868201,0.154539837,0.154539837,0.183592113,0.183592113
455,7,31,1,0.07997467,0.07997467,0.146063094,0.146063094,0.152200136,0.152200136
456,7,31,2,0.120544632,0.120544632,0.167055601,0.167055601,0.287099543,0.287099543
457,7,31,3,0.079344055,0.079344055,0.138822991,0.138822991,0.170509816,0.170509816
458,7,31,4,0.099657768,0.099657768,0.153619188,0.153619188,0.220414853,0.220414853
459,7,31,5,0.282548755,0.282548755,0.27407725,0.27407725,0.53988892,0.53988892
460,10,31,1,0.219673572,0.219673572,0.207743689,0.207743689,0.686323813,0.686323813
461,10,31,2,0.47650667,0.47650667,0.281939465,0.281939465,1.964121744,1.964121744
462,10,31,3,0.543178476,0.543178476,0.314839332,0.314839332,2.476814198,2.476814198
463,10,31,4,0.653520658,0.653520658,0.344365284,0.344365284,2.996200905,2.996200905
464,10,31,5,0.588244506,0.588244506,0.328426929,0.328426929,3.542746477,3.542746477
465,4,32,1,0.030003951,0.030003951,0.091374244,0.091374244,0.053127902,0.053127902
466,4,32,2,0.072856435,0.072856435,0.147801874,0.147801874,0.115059212,0.115059212
467,4,32,3,0.05912433,0.05912433,0.12145484,0.12145484,0.123097467,0.123097467
468,4,32,4,0.054577781,0.054577781,0.120056736,0.120056736,0.103081468,0.103081468
469,4,32,5,0.078724502,0.078724502,0.145955521,0.145955521,0.143747153,0.143747153
470,7,32,1,0.052873857,0.052873857,0.113577602,0.113577602,0.111420949,0.111420949
471,7,32,2,0.113022189,0.113022189,0.166434623,0.166434623,0.252102854,0.252102854
472,7,32,3,0.124622207,0.124622207,0.169050381,0.169050381,0.307082576,0.307082576
473,7,32,4,0.133762136,0.133762136,0.18560823,0.18560823,0.270495981,0.270495981
474,7,32,5,0.238746183,0.238746183,0.253030921,0.253030921,0.450917088,0.450917088
475,10,32,1,0.441459104,0.441459104,0.249424593,0.249424593,2.782294563,2.782294563
476,10,32,2,0.668015347,0.668015347,0.316570224,0.316570224,4.232058517,4.232058517
477,10,32,3,0.977823472,0.977823472,0.35878928,0.35878928,41.09825247,41.09825247
478,10,32,4,1.027920552,1.027920552,0.382862734,0.382862734,35.88316422,35.88316422
479,10,32,5,1.180429928,1.180429928,0.405873438,0.405873438,25.51001221,25.51001221
480,4,33,1,0.05647398,0.05647398,0.118597221,0.118597221,0.116533736,0.116533736
481,4,33,2,0.075040746,0.075040746,0.147465618,0.147465618,0.125765876,0.125765876
482,4,33,3,0.170443215,0.170443215,0.216533476,0.216533476,0.315131314,0.315131314
483,4,33,4,NaN,0.219648557,0.233592731,0.233596176,0.483206984,0.483224153
484,4,33,5,0.112863485,0.112863485,0.177081734,0.177081734,0.201519304,0.201519304
485,7,33,1,0.046149004,0.046149004,0.107442408,0.107442408,0.09474987,0.09474987
486,7,33,2,0.109823097,0.109823097,0.164081512,0.164081512,0.24583457,0.24583457
487,7,33,3,0.102116036,0.102116036,0.157606853,0.157606853,0.223930496,0.223930496
488,7,33,4,0.109949578,0.109949578,0.169261612,0.169261612,0.21582216,0.21582216
489,7,33,5,0.246139559,0.246139559,0.256842511,0.256842511,0.464358406,0.464358406
490,10,33,1,0.549811822,0.549811822,0.310573981,0.310573981,2.163478867,2.163478867
491,10,33,2,1.019306192,1.019306192,0.407950556,0.407950556,5.100862421,5.100862421
492,10,33,3,1.230307968,1.230307968,0.457774514,0.457774514,6.44399661,6.44399661
493,10,33,4,1.449358993,1.449358993,0.490556949,0.490556949,8.099906634,8.099906634
494,10,33,5,1.632763922,1.632763922,0.51977198,0.51977198,9.70394557,9.70394557
495,4,34,1,0.0457583,0.0457583,0.107103836,0.107103836,0.093764814,0.093764814
496,4,34,2,0.115875326,0.115875326,0.161995268,0.161995268,0.273301492,0.273301492
497,4,34,3,0.125061192,0.125061192,0.188774453,0.188774453,0.219006188,0.219006188
498,4,34,4,0.102907703,0.102907703,0.169559567,0.169559567,0.179386702,0.179386702
499,4,34,5,0.070638758,0.070638758,0.138739436,0.138739436,0.126964809,0.126964809
500,7,34,1,0.0578484,0.0578484,0.120693726,0.120693726,0.118059504,0.118059504
501,7,34,2,0.076075467,0.076075467,0.147970913,0.147970913,0.129275089,0.129275089
502,7,34,3,0.085009697,0.085009697,0.142117308,0.142117308,0.190696539,0.190696539
503,7,34,4,0.114532725,0.114532725,0.162413518,0.162413518,0.264783519,0.264783519
504,7,34,5,0.301679165,0.301679165,0.283662158,0.283662158,0.573867379,0.573867379
505,10,34,1,0.045201477,0.045201477,0.1061678,0.1061678,0.093946968,0.093946968
506,10,34,2,0.153428978,0.153428978,0.184002993,0.184002993,0.405089092,0.405089092
507,10,34,3,0.157265511,0.157265511,0.190434094,0.190434094,0.387152802,0.387152802
508,10,34,4,0.164399069,0.164399069,0.195453295,0.195453295,0.398516547,0.398516547
509,10,34,5,0.223125674,0.223125674,0.232108951,0.232108951,0.506069914,0.506069914
510,4,35,1,0.102273614,0.102273614,0.174614282,0.174614282,0.162681864,0.162681864
511,4,35,2,0.150787356,0.150787356,0.189538817,0.189538817,0.35014497,0.35014497
512,4,35,3,NaN,0.230421239,0.258147241,0.258144835,0.400757463,0.400753891
513,4,35,4,NaN,0.226605554,0.245104269,0.245103804,0.453739177,0.453738466
514,4,35,5,NaN,0.220732356,0.257551231,0.257551568,0.359828967,0.35983562
515,7,35,1,0.037406896,0.037406896,0.097406711,0.097406711,0.075221071,0.075221071
516,7,35,2,0.10494132,0.10494132,0.16421041,0.16421041,0.213797957,0.213797957
517,7,35,3,0.171316817,0.171316817,0.206434827,0.206434827,0.385851749,0.385851749
518,7,35,4,0.132983639,0.132983639,0.18516597,0.18516597,0.26599822,0.26599822
519,7,35,5,0.230218635,0.230218635,0.2490769,0.2490769,0.433680121,0.433680121
520,10,35,1,0.167913992,0.167913992,0.192912001,0.192912001,0.417638562,0.417638562
521,10,35,2,0.303024518,0.303024518,0.247470168,0.247470168,0.935785053,0.935785053
522,10,35,3,0.213535355,0.213535355,0.225857148,0.225857148,0.49384539,0.49384539
523,10,35,4,0.257484544,0.257484544,0.242071385,0.242071385,0.647089361,0.647089361
524,10,35,5,0.265876221,0.265876221,0.245960244,0.245960244,0.690142907,0.690142907
525,4,36,1,0.087573188,0.087573188,0.16312177,0.16312177,0.134464882,0.134464882
526,4,36,2,0.206641003,0.206641003,0.236546215,0.236546215,0.393209718,0.393209718
527,4,36,3,0.158828341,0.158828341,0.193572095,0.193572095,0.368223987,0.368223987
528,4,36,4,0.06160567,0.06160567,0.123665883,0.123665883,0.126940642,0.126940642
529,4,36,5,0.175116492,0.175116492,0.218578971,0.218578971,0.327081123,0.327081123
530,7,36,1,0.074579332,0.074579332,0.14222422,0.14222422,0.138708646,0.138708646
531,7,36,2,0.099109802,0.099109802,0.161567075,0.161567075,0.201081023,0.201081023
532,7,36,3,0.07658262,0.07658262,0.143765487,0.143765487,0.14200558,0.14200558
533,7,36,4,0.171440239,0.171440239,0.205829492,0.205829492,0.362393965,0.362393965
534,7,36,5,0.273754132,0.273754132,0.269409626,0.269409626,0.525703085,0.525703085
535,10,36,1,0.189740387,0.189740387,0.205337628,0.205337628,0.477595751,0.477595751
536,10,36,2,0.286656092,0.286656092,0.257112925,0.257112925,0.698764461,0.698764461
537,10,36,3,NaN,0.45422607,0.30664237,0.306647751,1.982380913,1.982547462
538,10,36,4,0.408673063,0.408673063,0.294782369,0.294782369,1.367279148,1.367279148
539,10,36,5,0.46862657,0.46862657,0.315383473,0.315383473,1.550805943,1.550805943
540,4,37,1,0.047959617,0.047959617,0.115352462,0.115352462,0.085185783,0.085185783
541,4,37,2,0.099485573,0.099485573,0.156629447,0.156629447,0.209702459,0.209702459
542,4,37,3,NaN,0.10181455,0.174508943,0.174508833,0.162078039,0.162077546
543,4,37,4,0.214035934,0.214035934,0.22798406,0.22798406,0.465507518,0.465507518
544,4,37,5,NaN,0.20729034,0.231520537,0.231518198,0.422031302,0.422034907
545,7,37,1,0.054165297,0.054165297,0.121566203,0.121566203,0.099036398,0.099036398
546,7,37,2,0.096095379,0.096095379,0.153028447,0.153028447,0.210249386,0.210249386
547,7,37,3,NaN,0.112626719,0.1712753,0.171281098,0.234376872,0.234398375
548,7,37,4,0.103732504,0.103732504,0.159430275,0.159430275,0.219932836,0.219932836
549,7,37,5,0.241294772,0.241294772,0.254403335,0.254403335,0.455055014,0.455055014
550,10,37,1,0.087401433,0.087401433,0.142444258,0.142444258,0.207084682,0.207084682
551,10,37,2,0.190454878,0.190454878,0.209670611,0.209670611,0.465718271,0.465718271
552,10,37,3,0.298713095,0.298713095,0.256230702,0.256230702,0.848051354,0.848051354
553,10,37,4,0.294573493,0.294573493,0.256825945,0.256825945,0.81916488,0.81916488
554,10,37,5,0.40794153,0.40794153,0.303551966,0.303551966,1.123931646,1.123931646
555,4,38,1,0.070328907,0.070328907,0.143205186,0.143205186,0.116065326,0.116065326
556,4,38,2,0.095735363,0.095735363,0.157369671,0.157369671,0.193570201,0.193570201
557,4,38,3,0.118765282,0.118765282,0.184617438,0.184617438,0.210815621,0.210815621
558,4,38,4,0.132661995,0.132661995,0.177285619,0.177285619,0.294830492,0.294830492
559,4,38,5,NaN,0.181739147,0.222824858,0.222820374,0.340906659,0.340906441
560,7,38,1,0.035436426,0.035436426,0.100343947,0.100343947,0.060761141,0.060761141
561,7,38,2,0.097956225,0.097956225,0.152670824,0.152670824,0.225669503,0.225669503
562,7,38,3,0.058540084,0.058540084,0.119546429,0.119546429,0.124429534,0.124429534
563,7,38,4,0.08270971,0.08270971,0.140967629,0.140967629,0.179093181,0.179093181
564,7,38,5,0.28892357,0.28892357,0.276614293,0.276614293,0.555839343,0.555839343
565,10,38,1,0.285676988,0.285676988,0.231434384,0.231434384,1.019039979,1.019039979
566,10,38,2,0.718833341,0.718833341,0.345926408,0.345926408,3.43274665,3.43274665
567,10,38,3,0.947910825,0.947910825,0.401249484,0.401249484,5.407109529,5.407109529
568,10,38,4,1.051898228,1.051898228,0.424854012,0.424854012,5.99689067,5.99689067
569,10,38,5,1.194362612,1.194362612,0.45024103,0.45024103,7.759465727,7.759465727
570,4,39,1,0.072761288,0.072761288,0.131760247,0.131760247,0.15725981,0.15725981
571,4,39,2,NaN,0.09168151,0.156609098,0.156610437,0.176093006,0.176098414
572,4,39,3,NaN,0.101287947,0.169479026,0.169480244,0.178395484,0.178402013
573,4,39,4,0.108917516,0.108917516,0.161410575,0.161410575,0.234862213,0.234862213
574,4,39,5,NaN,0.163194863,0.2172396,0.217242938,0.280722628,0.280731251
575,7,39,1,0.069464126,0.069464126,0.128140564,0.128140564,0.152427595,0.152427595
576,7,39,2,0.122477048,0.122477048,0.167634534,0.167634534,0.291153438,0.291153438
577,7,39,3,0.120593422,0.120593422,0.175165014,0.175165014,0.25224696,0.25224696
578,7,39,4,0.160596459,0.160596459,0.196646599,0.196646599,0.376562125,0.376562125
579,7,39,5,0.231914374,0.231914374,0.250222041,0.250222041,0.433747277,0.433747277
580,10,39,1,0.430998677,0.430998677,0.251148743,0.251148743,2.376627884,2.376627884
581,10,39,2,1.084010511,1.084010511,0.381668399,0.381668399,9.146890968,9.146890968
582,10,39,3,1.130917446,1.130917446,0.394090723,0.394090723,24.48787923,24.48787923
583,10,39,4,1.297984015,1.297984015,0.432787215,0.432787215,28.57287626,28.57287626
584,10,39,5,1.689340066,1.689340066,0.46115066,0.46115066,44.25384854,44.25384854
585,4,40,1,0.058985352,0.058985352,0.119649656,0.119649656,0.125352486,0.125352486
586,4,40,2,0.116303539,0.116303539,0.172591402,0.172591402,0.236154295,0.236154295
587,4,40,3,0.141076604,0.141076604,0.188801879,0.188801879,0.292499219,0.292499219
588,4,40,4,0.1105335,0.1105335,0.164483714,0.164483714,0.240195449,0.240195449
589,4,40,5,NaN,0.170278225,0.227690461,0.227690054,0.271789491,0.271788637
590,7,40,1,0.100367972,0.100367972,0.155594096,0.155594096,0.217760019,0.217760019
591,7,40,2,0.098325222,0.098325222,0.153057576,0.153057576,0.225487161,0.225487161
592,7,40,3,0.10334058,0.10334058,0.158627937,0.158627937,0.23189114,0.23189114
593,7,40,4,0.090930911,0.090930911,0.151024433,0.151024433,0.187606533,0.187606533
594,7,40,5,0.248001785,0.248001785,0.258317968,0.258317968,0.464225688,0.464225688
595,10,40,1,0.564404908,0.564404908,0.303693595,0.303693595,2.594633338,2.594633338
596,10,40,2,0.805817652,0.805817652,0.36356924,0.36356924,3.839290082,3.839290082
597,10,40,3,1.089779974,1.089779974,0.403841787,0.403841787,9.997477362,9.997477362
598,10,40,4,1.197270324,1.197270324,0.448984771,0.448984771,7.023385465,7.023385465
599,10,40,5,1.457316233,1.457316233,0.484532724,0.484532724,9.85847505,9.85847505
600,4,41,1,0.065508851,0.065508851,0.126474876,0.126474876,0.139005966,0.139005966
601,4,41,2,NaN,0.154106508,0.208289246,0.20828961,0.276423304,0.276424385
602,4,41,3,NaN,0.19561028,0.244413957,0.244418933,0.305053235,0.30507046
603,4,41,4,0.114552122,0.114552122,0.170666096,0.170666096,0.232570665,0.232570665
604,4,41,5,0.165907077,0.165907077,0.201140958,0.201140958,0.353150629,0.353150629
605,7,41,1,0.043258381,0.043258381,0.105682176,0.105682176,0.08543833,0.08543833
606,7,41,2,0.133629756,0.133629756,0.17264977,0.17264977,0.375075426,0.375075426
607,7,41,3,0.072919614,0.072919614,0.132822205,0.132822205,0.158258276,0.158258276
608,7,41,4,0.158009251,0.158009251,0.191446373,0.191446373,0.361072908,0.361072908
609,7,41,5,0.303736787,0.303736787,0.284808481,0.284808481,0.576609215,0.576609215
610,10,41,1,0.08713385,0.08713385,0.142411215,0.142411215,0.198722077,0.198722077
611,10,41,2,0.130747405,0.130747405,0.182148349,0.182148349,0.267380024,0.267380024
612,10,41,3,0.166154486,0.166154486,0.20146883,0.20146883,0.397753366,0.397753366
613,10,41,4,0.255103782,0.255103782,0.248653009,0.248653009,0.599580493,0.599580493
614,10,41,5,0.266347193,0.266347193,0.255952026,0.255952026,0.622598779,0.622598779
615,4,42,1,0.158354615,0.158354615,0.187122344,0.187122344,0.41764614,0.41764614
616,4,42,2,0.124874499,0.124874499,0.180179535,0.180179535,0.261793613,0.261793613
617,4,42,3,NaN,0.109972834,0.181232066,0.181244162,0.180390351,0.180428983
618,4,42,4,0.106742811,0.106742811,0.172477669,0.172477669,0.187512563,0.187512563
619,4,42,5,NaN,0.124673754,0.196756279,0.196761233,0.189361735,0.189379962
620,7,42,1,0.054085939,0.054085939,0.114573857,0.114573857,0.115221274,0.115221274
621,7,42,2,0.109053101,0.109053101,0.149248126,0.149248126,0.317050634,0.317050634
622,7,42,3,0.102033289,0.102033289,0.156874297,0.156874297,0.229009966,0.229009966
623,7,42,4,0.13381915,0.13381915,0.17982752,0.17982752,0.297436291,0.297436291
624,7,42,5,0.273501359,0.273501359,0.270031033,0.270031033,0.519973873,0.519973873
625,10,42,1,0.349755693,0.349755693,0.252545992,0.252545992,1.25997635,1.25997635
626,10,42,2,0.515859221,0.515859221,0.311567942,0.311567942,1.831382382,1.831382382
627,10,42,3,0.650925974,0.650925974,0.342252208,0.342252208,2.976972483,2.976972483
628,10,42,4,0.915330269,0.915330269,0.396521054,0.396521054,5.072592456,5.072592456
629,10,42,5,0.947563904,0.947563904,0.416641047,0.416641047,4.217893361,4.217893361
630,4,43,1,0.154158696,0.154158696,0.188256451,0.188256451,0.353716726,0.353716726
631,4,43,2,0.081610833,0.081610833,0.142907515,0.142907515,0.171380287,0.171380287
632,4,43,3,0.176742383,0.176742383,0.222900274,0.222900274,0.312078247,0.312078247
633,4,43,4,0.198044325,0.198044325,0.243948478,0.243948478,0.31782208,0.31782208
634,4,43,5,0.141455316,0.141455316,0.197266356,0.197266356,0.257351332,0.257351332
635,7,43,1,0.094576611,0.094576611,0.151127221,0.151127221,0.207430992,0.207430992
636,7,43,2,0.126667572,0.126667572,0.178046006,0.178046006,0.271777255,0.271777255
637,7,43,3,0.140330555,0.140330555,0.19107571,0.19107571,0.283297564,0.283297564
638,7,43,4,0.125748713,0.125748713,0.177685638,0.177685638,0.263439352,0.263439352
639,7,43,5,0.221219976,0.221219976,0.245300904,0.245300904,0.409153668,0.409153668
640,10,43,1,0.235344899,0.235344899,0.222944777,0.222944777,0.655865071,0.655865071
641,10,43,2,0.42535638,0.42535638,0.29634179,0.29634179,1.237849957,1.237849957
642,10,43,3,0.552464093,0.552464093,0.33319754,0.33319754,1.967507164,1.967507164
643,10,43,4,0.768804535,0.768804535,0.396817399,0.396817399,2.659193655,2.659193655
644,10,43,5,0.93694391,0.93694391,0.435669892,0.435669892,3.303252828,3.303252828
645,4,44,1,0.1070917,0.1070917,0.180395267,0.180395267,0.164452001,0.164452001
646,4,44,2,0.089778864,0.089778864,0.16135405,0.16135405,0.150542502,0.150542502
647,4,44,3,0.108659426,0.108659426,0.171856955,0.171856955,0.202146266,0.202146266
648,4,44,4,NaN,0.124022163,0.186297089,0.186294461,0.224000154,0.223994966
649,4,44,5,NaN,0.120846597,0.186784809,0.186785693,0.206616454,0.206620571
650,7,44,1,0.196630408,0.196630408,0.204700821,0.204700821,0.533308247,0.533308247
651,7,44,2,0.386171035,0.386171035,0.279297599,0.279297599,1.472881392,1.472881392
652,7,44,3,0.456605418,0.456605418,0.272296318,0.272296318,2.785885429,2.785885429
653,7,44,4,0.392908973,0.392908973,0.271891454,0.271891454,1.512810317,1.512810317
654,7,44,5,0.794553004,0.794553004,0.401568873,0.401568873,2.45651235,2.45651235
655,10,44,1,0.082786481,0.082786481,0.135195505,0.135195505,0.21208331,0.21208331
656,10,44,2,0.214309734,0.214309734,0.216924318,0.216924318,0.561561156,0.561561156
657,10,44,3,0.375905943,0.375905943,0.274217634,0.274217634,1.235487121,1.235487121
658,10,44,4,0.453414861,0.453414861,0.290972592,0.290972592,1.67379903,1.67379903
659,10,44,5,0.360518594,0.360518594,0.270062371,0.270062371,1.154911484,1.154911484
660,4,45,1,0.083473815,0.083473815,0.140399577,0.140399577,0.182781669,0.182781669
661,4,45,2,0.230544999,0.230544999,0.249890711,0.249890711,0.444010509,0.444010509
662,4,45,3,NaN,0.196752689,0.239286474,0.239282646,0.335092699,0.335076893
663,4,45,4,0.109803217,0.109803217,0.171228676,0.171228676,0.204435961,0.204435961
664,4,45,5,NaN,0.07474356,0.145430662,0.14542865,0.130744209,0.130739548
665,7,45,1,0.239462271,0.239462271,0.211872111,0.211872111,0.790840676,0.790840676
666,7,45,2,0.217135361,0.217135361,0.211594748,0.211594748,0.755191634,0.755191634
667,7,45,3,0.465506087,0.465506087,0.292795225,0.292795225,2.017481628,2.017481628
668,7,45,4,NaN,0.642106595,0.34483219,0.344825082,2.630277973,2.629997102
669,7,45,5,0.847449108,0.847449108,0.403628274,0.403628274,3.032755679,3.032755679
670,10,45,1,0.252405364,0.252405364,0.220994753,0.220994753,0.810698371,0.810698371
671,10,45,2,0.556238069,0.556238069,0.319019518,0.319019518,2.012220597,2.012220597
672,10,45,3,0.653262432,0.653262432,0.332393076,0.332393076,3.239197945,3.239197945
673,10,45,4,0.784817054,0.784817054,0.366294017,0.366294017,4.154829424,4.154829424
674,10,45,5,0.893623533,0.893623533,0.398418043,0.398418043,4.426472993,4.426472993
675,4,46,1,0.031006504,0.031006504,0.091856027,0.091856027,0.05663935,0.05663935
676,4,46,2,0.138728913,0.138728913,0.176363704,0.176363704,0.342802714,0.342802714
677,4,46,3,0.095925791,0.095925791,0.154889106,0.154889106,0.196999332,0.196999332
678,4,46,4,0.112184272,0.112184272,0.175434189,0.175434189,0.213437756,0.213437756
679,4,46,5,0.096855785,0.096855785,0.159073604,0.159073604,0.186194543,0.186194543
680,7,46,1,0.181278491,0.181278491,0.193061856,0.193061856,0.50897285,0.50897285
681,7,46,2,0.324012824,0.324012824,0.255425671,0.255425671,0.983444796,0.983444796
682,7,46,3,0.343735196,0.343735196,0.274561489,0.274561489,0.995943568,0.995943568
683,7,46,4,NaN,0.450038021,0.318054319,0.318049232,1.233754424,1.233684863
684,7,46,5,0.659499794,0.659499794,0.372937106,0.372937106,1.877137657,1.877137657
685,10,46,1,0.247386861,0.247386861,0.208650522,0.208650522,0.932233966,0.932233966
686,10,46,2,0.427625169,0.427625169,0.270292316,0.270292316,1.880371157,1.880371157
687,10,46,3,0.557736249,0.557736249,0.305211476,0.305211476,3.700748228,3.700748228
688,10,46,4,0.557174695,0.557174695,0.316592673,0.316592673,4.289754145,4.289754145
689,10,46,5,0.584267208,0.584267208,0.321497715,0.321497715,3.397838221,3.397838221
690,4,47,1,0.061183787,0.061183787,0.122885249,0.122885249,0.127292752,0.127292752
691,4,47,2,NaN,0.172739485,0.21574951,0.215740729,0.341002903,0.340979882
692,4,47,3,NaN,0.241129569,0.269197471,0.269203107,0.396238567,0.39627491
693,4,47,4,0.225632507,0.225632507,0.253716851,0.253716851,0.393897752,0.393897752
694,4,47,5,NaN,0.29379344,0.275558556,0.275560935,0.608270523,0.608253072
695,7,47,1,0.316841172,0.316841172,0.255143224,0.255143224,1.051906803,1.051906803
696,7,47,2,0.458453249,0.458453249,0.301835898,0.301835898,1.588389704,1.588389704
697,7,47,3,0.507727932,0.507727932,0.291190458,0.291190458,3.50175082,3.50175082
698,7,47,4,0.596822612,0.596822612,0.317042753,0.317042753,2.844161207,2.844161207
699,7,47,5,0.841016954,0.841016954,0.380166956,0.380166956,4.479396947,4.479396947
700,10,47,1,0.099948425,0.099948425,0.151193404,0.151193404,0.236707824,0.236707824
701,10,47,2,0.19925078,0.19925078,0.219313428,0.219313428,0.442134782,0.442134782
702,10,47,3,0.299526753,0.299526753,0.272858932,0.272858932,0.680607689,0.680607689
703,10,47,4,0.257425779,0.257425779,0.256117629,0.256117629,0.543088234,0.543088234
704,10,47,5,0.286639494,0.286639494,0.267709832,0.267709832,0.628615549,0.628615549
705,4,48,1,NaN,0.174415986,0.210070408,0.210078786,0.404706444,0.404801146
706,4,48,2,NaN,0.194153177,0.243338471,0.243338473,0.310050544,0.310049112
707,4,48,3,0.099884578,0.099884578,0.173425633,0.173425633,0.160577774,0.160577774
708,4,48,4,NaN,0.092074967,0.169237288,0.169233614,0.137647259,0.13763752
709,4,48,5,NaN,0.113338612,0.182602583,0.182596901,0.189162061,0.189153164
710,7,48,1,0.088408673,0.088408673,0.145300604,0.145300604,0.197107928,0.197107928
711,7,48,2,0.180817042,0.180817042,0.199749961,0.199749961,0.510715112,0.510715112
712,7,48,3,0.207045751,0.207045751,0.228773669,0.228773669,0.448787998,0.448787998
713,7,48,4,0.285894644,0.285894644,0.25940569,0.25940569,0.692659421,0.692659421
714,7,48,5,0.427587993,0.427587993,0.319007332,0.319007332,0.984477155,0.984477155
715,10,48,1,0.082273557,0.082273557,0.140246052,0.140246052,0.179097557,0.179097557
716,10,48,2,0.142976618,0.142976618,0.186791455,0.186791455,0.308287459,0.308287459
717,10,48,3,0.163477993,0.163477993,0.198816438,0.198816438,0.398209217,0.398209217
718,10,48,4,0.267986247,0.267986247,0.256156163,0.256156163,0.622643437,0.622643437
719,10,48,5,0.205943253,0.205943253,0.221158326,0.221158326,0.496217553,0.496217553
720,4,49,1,0.032724721,0.032724721,0.097111075,0.097111075,0.05495389,0.05495389
721,4,49,2,0.114748642,0.114748642,0.172304162,0.172304162,0.230029875,0.230029875
722,4,49,3,0.118137501,0.118137501,0.177131507,0.177131507,0.226601517,0.226601517
723,4,49,4,0.042338411,0.042338411,0.105755053,0.105755053,0.079497974,0.079497974
724,4,49,5,0.129414456,0.129414456,0.189354812,0.189354812,0.232380029,0.232380029
725,7,49,1,0.146641587,0.146641587,0.171169251,0.171169251,0.425807238,0.425807238
726,7,49,2,0.236423934,0.236423934,0.223504131,0.223504131,0.650407034,0.650407034
727,7,49,3,0.173689297,0.173689297,0.201566508,0.201566508,0.400819361,0.400819361
728,7,49,4,0.325325201,0.325325201,0.270137563,0.270137563,0.84934445,0.84934445
729,7,49,5,0.438189028,0.438189028,0.313868743,0.313868743,1.152745454,1.152745454
730,10,49,1,0.080844311,0.080844311,0.137674013,0.137674013,0.183357546,0.183357546
731,10,49,2,0.193651157,0.193651157,0.204754164,0.204754164,0.505781731,0.505781731
732,10,49,3,0.16235607,0.16235607,0.195643768,0.195643768,0.378854203,0.378854203
733,10,49,4,NaN,0.21712986,0.230105542,0.230106902,0.520387343,0.520399884
734,10,49,5,0.169625062,0.169625062,0.205835595,0.205835595,0.363160393,0.363160393
735,4,50,1,0.087708151,0.087708151,0.147175847,0.147175847,0.185253091,0.185253091
736,4,50,2,0.102497787,0.102497787,0.156879972,0.156879972,0.230624074,0.230624074
737,4,50,3,0.129542026,0.129542026,0.191626345,0.191626345,0.226564319,0.226564319
738,4,50,4,NaN,0.184800841,0.227370141,0.227366401,0.331763669,0.331753026
739,4,50,5,NaN,0.147355189,0.203219705,0.203225015,0.262172544,0.262191718
740,7,50,1,0.183962453,0.183962453,0.219575456,0.219575456,0.377127747,0.377127747
741,7,50,2,0.27313257,0.27313257,0.261564338,0.261564338,0.60283549,0.60283549
742,7,50,3,0.356521808,0.356521808,0.295674141,0.295674141,0.827993219,0.827993219
743,7,50,4,0.564645098,0.564645098,0.344916503,0.344916503,1.915911879,1.915911879
744,7,50,5,0.561990219,0.561990219,0.358920048,0.358920048,1.44065228,1.44065228
745,10,50,1,0.153387488,0.153387488,0.180662587,0.180662587,0.405727637,0.405727637
746,10,50,2,0.378907907,0.378907907,0.282196885,0.282196885,1.076179726,1.076179726
747,10,50,3,0.387458533,0.387458533,0.281242485,0.281242485,1.294629272,1.294629272
748,10,50,4,0.479268407,0.479268407,0.311646717,0.311646717,1.848919948,1.848919948
749,10,50,5,0.527053508,0.527053508,0.332211377,0.332211377,1.724840896,1.724840896
750,4,51,1,0.034489646,0.034489646,0.098273948,0.098273948,0.060553804,0.060553804
751,4,51,2,0.095481368,0.095481368,0.151392476,0.151392476,0.208103737,0.208103737
752,4,51,3,0.074569328,0.074569328,0.140251035,0.140251035,0.141946941,0.141946941
753,4,51,4,0.114960562,0.114960562,0.174467334,0.174467334,0.217878794,0.217878794
754,4,51,5,NaN,0.07647381,0.145577934,0.145594749,0.138300459,0.138353724
755,7,51,1,0.168269042,0.168269042,0.206281059,0.206281059,0.36464186,0.36464186
756,7,51,2,0.337809745,0.337809745,0.264282014,0.264282014,1.223933342,1.223933342
757,7,51,3,0.308732745,0.308732745,0.261015485,0.261015485,0.797126817,0.797126817
758,7,51,4,0.490820882,0.490820882,0.31116756,0.31116756,1.859431358,1.859431358
759,7,51,5,0.637349138,0.637349138,0.370915098,0.370915098,1.803236546,1.803236546
760,10,51,1,0.425067958,0.425067958,0.254310516,0.254310516,2.216025901,2.216025901
761,10,51,2,0.616709451,0.616709451,0.309001828,0.309001828,3.125192761,3.125192761
762,10,51,3,0.758960242,0.758960242,0.339105637,0.339105637,5.820926368,5.820926368
763,10,51,4,0.859339444,0.859339444,0.371571059,0.371571059,5.302121608,5.302121608
764,10,51,5,1.071645425,1.071645425,0.405000081,0.405000081,8.268088542,8.268088542
765,4,52,1,0.079834198,0.079834198,0.136690059,0.136690059,0.177661493,0.177661493
766,4,52,2,0.084915378,0.084915378,0.150576551,0.150576551,0.159438607,0.159438607
767,4,52,3,NaN,0.164050088,0.220815701,0.220820111,0.269152609,0.269169426
768,4,52,4,NaN,0.159549506,0.2118,0.211794796,0.291109643,0.291084488
769,4,52,5,0.178737401,0.178737401,0.217863828,0.217863828,0.343079209,0.343079209
770,7,52,1,0.406821692,0.406821692,0.258564641,0.258564641,1.608684347,1.608684347
771,7,52,2,0.48162894,0.48162894,0.296106602,0.296106602,1.797399004,1.797399004
772,7,52,3,0.732077787,0.732077787,0.359599174,0.359599174,3.166708707,3.166708707
773,7,52,4,0.727968602,0.727968602,0.362235207,0.362235207,3.160653513,3.160653513
774,7,52,5,1.027990186,1.027990186,0.43190352,0.43190352,3.853761534,3.853761534
775,10,52,1,0.085352156,0.085352156,0.14746575,0.14746575,0.173755424,0.173755424
776,10,52,2,0.111374899,0.111374899,0.168699534,0.168699534,0.225968723,0.225968723
777,10,52,3,0.168330374,0.168330374,0.203114033,0.203114033,0.390959245,0.390959245
778,10,52,4,0.13394393,0.13394393,0.180739222,0.180739222,0.301979974,0.301979974
779,10,52,5,0.156512301,0.156512301,0.192965201,0.192965201,0.374716536,0.374716536
780,4,53,1,0.055636332,0.055636332,0.119360361,0.119360361,0.111870675,0.111870675
781,4,53,2,0.061963186,0.061963186,0.118415302,0.118415302,0.144019851,0.144019851
782,4,53,3,0.106174375,0.106174375,0.158511617,0.158511617,0.231512204,0.231512204
783,4,53,4,NaN,0.29555427,0.284155367,0.284164226,0.573130102,0.573236054
784,4,53,5,NaN,0.279149352,0.281273934,0.281275379,0.507127304,0.507178644
785,7,53,1,0.05649054,0.05649054,0.116938429,0.116938429,0.120245422,0.120245422
786,7,53,2,0.100399664,0.100399664,0.155279852,0.155279852,0.230396947,0.230396947
787,7,53,3,0.184888572,0.184888572,0.21060282,0.21060282,0.436874937,0.436874937
788,7,53,4,0.117657296,0.117657296,0.168128838,0.168128838,0.264895574,0.264895574
789,7,53,5,0.322089777,0.322089777,0.286715575,0.286715575,0.660999052,0.660999052
790,10,53,1,0.050831856,0.050831856,0.113637201,0.113637201,0.104062319,0.104062319
791,10,53,2,0.100281775,0.100281775,0.161053529,0.161053529,0.199722237,0.199722237
792,10,53,3,NaN,0.131418144,0.17685257,0.176853904,0.325213157,0.32518098
793,10,53,4,0.104075148,0.104075148,0.159455164,0.159455164,0.227707733,0.227707733
794,10,53,5,0.135754391,0.135754391,0.179489505,0.179489505,0.313657082,0.313657082
795,4,54,1,0.049768203,0.049768203,0.113089134,0.113089134,0.099825044,0.099825044
796,4,54,2,NaN,0.152679872,0.209811286,0.209798672,0.273262221,0.273203157
797,4,54,3,0.112388643,0.112388643,0.176737838,0.176737838,0.202039109,0.202039109
798,4,54,4,NaN,0.261716518,0.25050868,0.250506985,0.594257551,0.594250141
799,4,54,5,NaN,0.267933283,0.265666704,0.265669336,0.531130419,0.531144187
800,7,54,1,0.076593165,0.076593165,0.135143444,0.135143444,0.169936807,0.169936807
801,7,54,2,0.166863259,0.166863259,0.201410993,0.201410993,0.39747748,0.39747748
802,7,54,3,0.130500402,0.130500402,0.176641252,0.176641252,0.295120073,0.295120073
803,7,54,4,0.110531504,0.110531504,0.165004468,0.165004468,0.236513334,0.236513334
804,7,54,5,0.283331072,0.283331072,0.270805143,0.270805143,0.573569218,0.573569218
805,10,54,1,0.400443822,0.400443822,0.275504432,0.275504432,1.377598795,1.377598795
806,10,54,2,0.586538774,0.586538774,0.346564,0.346564,1.810280737,1.810280737
807,10,54,3,0.503323321,0.503323321,0.315473158,0.315473158,1.73588984,1.73588984
808,10,54,4,0.613134727,0.613134727,0.34800149,0.34800149,2.10050915,2.10050915
809,10,54,5,0.567408714,0.567408714,0.339433555,0.339433555,1.798932402,1.798932402
810,4,55,1,0.077521007,0.077521007,0.153330888,0.153330888,0.119300385,0.119300385
811,4,55,2,0.094554912,0.094554912,0.168293046,0.168293046,0.149806782,0.149806782
812,4,55,3,NaN,0.116145908,0.17945515,0.179450666,0.211516561,0.211505708
813,4,55,4,0.06238042,0.06238042,0.121126897,0.121126897,0.13816052,0.13816052
814,4,55,5,0.064596131,0.064596131,0.13068679,0.13068679,0.121282327,0.121282327
815,7,55,1,0.080249207,0.080249207,0.138265065,0.138265065,0.176381907,0.176381907
816,7,55,2,0.138318783,0.138318783,0.183002393,0.183002393,0.33427598,0.33427598
817,7,55,3,NaN,0.230523656,0.231286793,0.231273002,0.602078776,0.602001297
818,7,55,4,0.213754817,0.213754817,0.227851562,0.227851562,0.479926747,0.479926747
819,7,55,5,0.283236824,0.283236824,0.271969495,0.271969495,0.559000574,0.559000574
820,10,55,1,0.086832067,0.086832067,0.142538979,0.142538979,0.199385634,0.199385634
821,10,55,2,0.197184935,0.197184935,0.211701484,0.211701484,0.476504226,0.476504226
822,10,55,3,0.241586694,0.241586694,0.235141531,0.235141531,0.614090291,0.614090291
823,10,55,4,0.210258953,0.210258953,0.224020539,0.224020539,0.487522748,0.487522748
824,10,55,5,0.249461928,0.249461928,0.237788235,0.237788235,0.656758578,0.656758578
825,4,56,1,0.132116342,0.132116342,0.170291821,0.170291821,0.339104015,0.339104015
826,4,56,2,0.200103504,0.200103504,0.228326455,0.228326455,0.397775097,0.397775097
827,4,56,3,0.074113756,0.074113756,0.133042435,0.133042435,0.161834874,0.161834874
828,4,56,4,NaN,0.098174191,0.16835085,0.168348128,0.169425811,0.169416325
829,4,56,5,NaN,0.097139212,0.170787083,0.170790041,0.156128407,0.156138237
830,7,56,1,0.153883095,0.153883095,0.182637404,0.182637404,0.392844069,0.392844069
831,7,56,2,0.265759933,0.265759933,0.235348157,0.235348157,0.748848012,0.748848012
832,7,56,3,NaN,0.410542982,0.305486946,0.305490581,1.085966469,1.086010446
833,7,56,4,0.718714717,0.718714717,0.389347355,0.389347355,2.462314806,2.462314806
834,7,56,5,0.829902377,0.829902377,0.421281852,0.421281852,2.413281223,2.413281223
835,10,56,1,0.032851061,0.032851061,0.092535451,0.092535451,0.063834463,0.063834463
836,10,56,2,0.0895753,0.0895753,0.152959978,0.152959978,0.174607221,0.174607221
837,10,56,3,0.131577124,0.131577124,0.175472548,0.175472548,0.316150354,0.316150354
838,10,56,4,0.135095759,0.135095759,0.183850906,0.183850906,0.28727065,0.28727065
839,10,56,5,0.193538114,0.193538114,0.215694073,0.215694073,0.448859446,0.448859446
840,4,57,1,0.109007904,0.109007904,0.177574518,0.177574518,0.183209475,0.183209475
841,4,57,2,0.107857711,0.107857711,0.170855621,0.170855621,0.202146181,0.202146181
842,4,57,3,0.127799813,0.127799813,0.175467672,0.175467672,0.274755891,0.274755891
843,4,57,4,NaN,0.246801387,0.264606947,0.264606471,0.437164188,0.437163104
844,4,57,5,NaN,0.162433479,0.211688028,0.2116883,0.299218591,0.299221499
845,7,57,1,0.282569924,0.282569924,0.216883116,0.216883116,1.177737728,1.177737728
846,7,57,2,0.522779412,0.522779412,0.291027963,0.291027963,4.194769146,4.194769146
847,7,57,3,NaN,0.809973428,0.372766613,0.372761111,4.726046674,4.725873616
848,7,57,4,NaN,0.80016481,0.381123603,0.381102953,5.433971348,5.431890468
849,7,57,5,1.382965379,1.382965379,0.456766077,0.456766077,9.344854341,9.344854341
850,10,57,1,0.078417203,0.078417203,0.140972579,0.140972579,0.163882169,0.163882169
851,10,57,2,0.231666794,0.231666794,0.225887869,0.225887869,0.59552779,0.59552779
852,10,57,3,0.195693445,0.195693445,0.214692334,0.214692334,0.459981371,0.459981371
853,10,57,4,0.325183876,0.325183876,0.268030717,0.268030717,0.844490716,0.844490716
854,10,57,5,0.352599467,0.352599467,0.282560356,0.282560356,0.90148728,0.90148728
855,4,58,1,0.098984147,0.098984147,0.15398625,0.15398625,0.219441252,0.219441252
856,4,58,2,0.074065284,0.074065284,0.142991934,0.142991934,0.133585556,0.133585556
857,4,58,3,0.101122728,0.101122728,0.17308709,0.17308709,0.16337157,0.16337157
858,4,58,4,0.144023199,0.144023199,0.205581938,0.205581938,0.236435247,0.236435247
859,4,58,5,0.138246533,0.138246533,0.197110694,0.197110694,0.239654214,0.239654214
860,7,58,1,0.074665242,0.074665242,0.139148648,0.139148648,0.148123434,0.148123434
861,7,58,2,0.168610226,0.168610226,0.196712043,0.196712043,0.42504998,0.42504998
862,7,58,3,0.166087986,0.166087986,0.202900118,0.202900118,0.372513787,0.372513787
863,7,58,4,0.152329619,0.152329619,0.193599705,0.193599705,0.337403155,0.337403155
864,7,58,5,0.278855392,0.278855392,0.271948762,0.271948762,0.540589642,0.540589642
865,10,58,1,0.082621823,0.082621823,0.148274115,0.148274115,0.15845552,0.15845552
866,10,58,2,0.15709522,0.15709522,0.201526033,0.201526033,0.315197311,0.315197311
867,10,58,3,0.187904223,0.187904223,0.20975124,0.20975124,0.452463588,0.452463588
868,10,58,4,0.192526459,0.192526459,0.213404565,0.213404565,0.442734265,0.442734265
869,10,58,5,0.253699577,0.253699577,0.247929597,0.247929597,0.601182035,0.601182035
870,4,59,1,0.044050755,0.044050755,0.112839378,0.112839378,0.073509042,0.073509042
871,4,59,2,0.063151969,0.063151969,0.1300021,0.1300021,0.117029747,0.117029747
872,4,59,3,0.113155823,0.113155823,0.165184813,0.165184813,0.241798169,0.241798169
873,4,59,4,NaN,0.150326848,0.208394696,0.208391765,0.258669365,0.258662486
874,4,59,5,NaN,0.170524513,0.216635951,0.216635876,0.312903213,0.31290334
875,7,59,1,0.081616911,0.081616911,0.140818239,0.140818239,0.177619897,0.177619897
876,7,59,2,0.217630121,0.217630121,0.217791209,0.217791209,0.595362098,0.595362098
877,7,59,3,NaN,0.299500188,0.268649409,0.268652279,0.700803691,0.700813322
878,7,59,4,0.195773295,0.195773295,0.219531441,0.219531441,0.426542955,0.426542955
879,7,59,5,0.415293306,0.415293306,0.318801442,0.318801442,0.912510715,0.912510715
880,10,59,1,0.043524659,0.043524659,0.105186271,0.105186271,0.087767959,0.087767959
881,10,59,2,0.09920809,0.09920809,0.160385374,0.160385374,0.19578049,0.19578049
882,10,59,3,0.152772005,0.152772005,0.190027977,0.190027977,0.357533359,0.357533359
883,10,59,4,0.112862952,0.112862952,0.163412518,0.163412518,0.257727216,0.257727216
884,10,59,5,0.217234767,0.217234767,0.229396497,0.229396497,0.499723801,0.499723801
885,4,60,1,0.0393447,0.0393447,0.10353113,0.10353113,0.072364088,0.072364088
886,4,60,2,0.10600863,0.10600863,0.167476028,0.167476028,0.208165295,0.208165295
887,4,60,3,NaN,0.148175236,0.208409703,0.20841512,0.247182585,0.247200726
888,4,60,4,NaN,0.141248834,0.199059934,0.199059862,0.252325697,0.252325271
889,4,60,5,NaN,0.126389173,0.187849765,0.187837484,0.229717186,0.229681145
890,7,60,1,0.23259333,0.23259333,0.23420393,0.23420393,0.552289821,0.552289821
891,7,60,2,0.531310513,0.531310513,0.341979904,0.341979904,1.454826469,1.454826469
892,7,60,3,0.599248055,0.599248055,0.345638035,0.345638035,2.416703386,2.416703386
893,7,60,4,0.53139738,0.53139738,0.346325969,0.346325969,1.531970486,1.531970486
894,7,60,5,0.989177301,0.989177301,0.44077978,0.44077978,3.419161292,3.419161292
895,10,60,1,0.372943053,0.372943053,0.288104791,0.288104791,0.994161201,0.994161201
896,10,60,2,0.604806454,0.604806454,0.334348848,0.334348848,2.908823919,2.908823919
897,10,60,3,0.702053669,0.702053669,0.375015214,0.375015214,2.819032816,2.819032816
898,10,60,4,0.667965842,0.667965842,0.369038644,0.369038644,2.336915779,2.336915779
899,10,60,5,0.817476762,0.817476762,0.408194556,0.408194556,3.02076821,3.02076821
900,4,61,1,0.10297698,0.10297698,0.152945947,0.152945947,0.240677651,0.240677651
901,4,61,2,0.075993652,0.075993652,0.149151629,0.149151629,0.125374998,0.125374998
902,4,61,3,0.134871349,0.134871349,0.203189055,0.203189055,0.205742147,0.205742147
903,4,61,4,0.109438051,0.109438051,0.170241813,0.170241813,0.207109308,0.207109308
904,4,61,5,0.118435646,0.118435646,0.183979096,0.183979096,0.207012002,0.207012002
905,7,61,1,0.351913547,0.351913547,0.259597954,0.259597954,1.182710257,1.182710257
906,7,61,2,0.621526716,0.621526716,0.332122275,0.332122275,2.759290189,2.759290189
907,7,61,3,0.754453232,0.754453232,0.355294507,0.355294507,4.251304837,4.251304837
908,7,61,4,0.710086087,0.710086087,0.356548896,0.356548896,3.301838047,3.301838047
909,7,61,5,1.191209833,1.191209833,0.434674054,0.434674054,5.867566181,5.867566181
910,10,61,1,0.276212721,0.276212721,0.246593757,0.246593757,0.7490856,0.7490856
911,10,61,2,0.667483851,0.667483851,0.35901608,0.35901608,2.30707743,2.30707743
912,10,61,3,0.701710371,0.701710371,0.36399462,0.36399462,3.02752853,3.02752853
913,10,61,4,0.767587358,0.767587358,0.374291034,0.374291034,3.278449717,3.278449717
914,10,61,5,0.827382776,0.827382776,0.395727749,0.395727749,3.614705788,3.614705788
